sequence,average_fibril_probability
EFKFEFKF,0.99712646
EKEFFFFK,0.9948292
EFKFFKFE,0.99373436
KKFFFEFE,0.9864584
KFKFEFEF,0.9850918
KEFFFFEK,0.9836003
EKEFKFFF,0.9828545
EEKFKFFF,0.9814523
EKFFKFEF,0.97964394
KFFKFEFE,0.9782464
KFEFEFKF,0.97616166
EKEKFFFF,0.9761136
EKKFEFFF,0.97552043
EFKFFFKE,0.97500956
KFKFFFEE,0.97401
EFKFFEFK,0.95337325
FKFFKFEE,0.9528893
EKFKFFFE,0.9509798
KEEFFFFK,0.94196117
KEKFFFFE,0.9228479
EKFEFFFK,0.9209119
EEFFFFKK,0.9153862
EKEFFFKF,0.90737945
KEKFFFEF,0.9057727
FFKFKFEE,0.90489435
KFKFEFFE,0.90312445
KEKFEFFF,0.9027487
KEFFFEFK,0.901159
KFFEFKFE,0.8608821
KKEFFFFE,0.85217905
EEKFFKFF,0.8451913
KFEFFKFE,0.842461
KKEFFFEF,0.8192075
FKFFEFKE,0.8091057
FKFEFEFK,0.8014466
EEFFFKFK,0.79501045
EKKEFFFF,0.773797
KKFFEFEF,0.7646375
KEFFFKFE,0.75698227
KEEFKFFF,0.73623097
EFFKFKFE,0.73184025
KEKEFFFF,0.730219
EEFKFFFK,0.6871692
KKFEFFFE,0.67609245
EFKFFFEK,0.67277944
EKFFEFKF,0.67217064
EKKFFEFF,0.67114294
KFFFEFKE,0.64499557
EFKFEFFK,0.63455063
FEFKFEFK,0.634477
KFFEFEFK,0.628085
EFEFKFKF,0.60800385
FKKFEFEF,0.59600204
EKFKFEFF,0.5915724
KFEFFEFK,0.5864589
KKEFEFFF,0.58473325
FKEFFFKE,0.58294153
FKEFKFEF,0.57668054
EFEFKFFK,0.5559721
KEFKFEFF,0.5529883
KEFKFFFE,0.5474206
EKFEFKFF,0.53265196
EFFFKFKE,0.53086007
EFEFFKFK,0.521462
EFFEFKFK,0.5165848
EFFFKFEK,0.51619166
EFKFKFFE,0.49294847
EKFFKFFE,0.49020195
KEFFKFEF,0.4774758
KFEFFFEK,0.45733157
KFEFKFFE,0.45650738
FKEFFFEK,0.4549517
KKFEFEFF,0.45085675
EKFFFEKF,0.43077692
FFFFKEKE,0.38143176
KFEKFEFF,0.34457403
KEEFFFKF,0.34256372
EKFKFFEF,0.33271292
FKKFEFFE,0.30062276
KKFEFFEF,0.29467574
EEFKFFKF,0.26288062
EKFFFKEF,0.24115932
EFEFFFKK,0.23612714
FFFFKEEK,0.23355381
EKEFFKFF,0.21804535
EEFFKFKF,0.21702151
KFEFEFFK,0.21217163
FEKFEFKF,0.2116967
FEKFFFKE,0.2094121
FKEFKFFE,0.20335929
FEFEFKFK,0.20204704
KFEFFFKE,0.19307998
EEFKFKFF,0.18918824
FEKFFFEK,0.18832156
KEFFEFKF,0.17932718
EFKEFKFF,0.17883733
FKEFEFKF,0.15714024
KEFFFKEF,0.15389347
FKFEFKEF,0.14938135
KEFEFKFF,0.14771701
KKFFEFFE,0.13731185
KKFFFEEF,0.13456655
KEFKFFEF,0.13133422
FKFEKFEF,0.121619485
EFKFFKEF,0.120186195
EEFFFKKF,0.105893336
FEFKFEKF,0.09787613
FEFFKFEK,0.09443618
KEKFFEFF,0.09384395
EKFFEKFF,0.080298826
FEKFKFEF,0.078760736
KEFEFFFK,0.07661994
EKFEKFFF,0.06870647
FFKFEKFE,0.058291577
FEEKKFFF,0.05777066
FFEFKFKE,0.042467147
FKFKFEEF,0.03891278
KFFFKEFE,0.03386145
EFFFFKKE,0.03190667
EFFKFEKF,0.030654257
EFKFKEFF,0.030338198
FEKFFKFE,0.030017069
FFFFEKKE,0.028598953
EFKKFEFF,0.027853072
EFFFEFKK,0.027829904
FEFFKFKE,0.025922924
KFFFEFEK,0.024949947
EKFFEFFK,0.024922948
FEKKFFFE,0.022505522
KEFFFEKF,0.021330949
FFKFEFEK,0.020820644
EFFFFKEK,0.019915117
KFFKFEEF,0.017857505
KKEFFEFF,0.017809056
KEEFFKFF,0.017484985
EKFKEFFF,0.017068174
FKFFEFEK,0.015018156
KEFFKEFF,0.013876537
FKEFEFFK,0.010858173
KEFEFFKF,0.010586866
KFFKFFEE,0.010569003
FFKEFFKE,0.00914788
FFEKFFEK,0.009111991
FKEEKFFF,0.008836872
FEEKFFFK,0.00829348
EKFFKEFF,0.008156045
FKEKEFFF,0.0074321567
FEEFFFKK,0.0071935966
FEKEKFFF,0.0071425186
FKEKFFFE,0.007111347
FFFKEKEF,0.006996271
FFEFEFKK,0.006940557
EFFFKEFK,0.0068729953
EEFFKFFK,0.0068561174
FFKKEEFF,0.0063342177
FEKKFEFF,0.0058616623
EFFFKKFE,0.00583898
FFKFKEFE,0.0057417606
FKFKEFEF,0.0053094896
KFFFEKFE,0.0052570035
EFFFFEKK,0.005103287
FFKFFEEK,0.005020741
FKFFKEFE,0.0049798912
FKFFFEKE,0.004876791
KFFEFKEF,0.0048423125
FEFFFKEK,0.0047921864
FKEFFKFE,0.0047276146
EFFFKKEF,0.004623265
EFFFKEKF,0.0042744963
FKKEFFFE,0.0041349353
KFKEFEFF,0.004096334
KEFFKFFE,0.0040230635
FEFFFKKE,0.0038606816
FFFKKEFE,0.0035316162
FEKFKFFE,0.0035161383
EFKKEFFF,0.0034799322
KFFFEEKF,0.0034577195
FEKFEFFK,0.0034539092
KFKFFEEF,0.0032159288
FFFKEEKF,0.0031995494
FKKEEFFF,0.0031732083
FFKFFEKE,0.0031541153
KKFFEEFF,0.003020399
FEFKFFEK,0.0028715578
KFEKFFFE,0.002793553
FFFEKKEF,0.00278654
EFKFFEKF,0.0027843884
KFKFEEFF,0.0027382039
FKFEFFEK,0.0026546055
KFEEKFFF,0.0026508467
FKEFFEFK,0.0026163007
FKFFEKFE,0.0025563217
FFEFFKEK,0.0025070508
EFFFEKFK,0.002444145
KFFKEFEF,0.0024415404
EFFKFFEK,0.0023361116
FEFEFKKF,0.0023218223
FEFKFKEF,0.0023166197
EFFKFKEF,0.0022825194
FFEKKEFF,0.0022748834
EFKEFFFK,0.0021636945
FKFEFEKF,0.0021377914
KFEFFEKF,0.0021271203
EFFFEKKF,0.0021060926
EFFKKEFF,0.0020351985
FFEFKEFK,0.0020130507
FFEFKKFE,0.001991117
FFEEKKFF,0.001982345
KFFFEEFK,0.0019612974
FKEFFKEF,0.0019116694
FFEKFFKE,0.0019110236
FEFFEFKK,0.0018832721
EFKFEKFF,0.0018822675
KFKEFFFE,0.0018624276
FFEFFKKE,0.0018421824
KFFEEKFF,0.0018189403
FEFKKFEF,0.0017726639
EFEKKFFF,0.0017440349
FEKFFEFK,0.0016766147
FKEEFFFK,0.0016698787
FKEKFEFF,0.0016382874
EFFKFFKE,0.0015761119
FFEKKFFE,0.0015746761
FFKEFKFE,0.001528006
FFKFEEKF,0.0015254576
FEEFKFFK,0.0015195957
FFKEFEFK,0.0014603445
FEFFFEKK,0.0014551536
FEEFKFKF,0.001450528
FFFKKFEE,0.0013990796
KFEFKEFF,0.0013891095
KFFKEEFF,0.0013838995
FEKFEKFF,0.0013725308
FFFEKEKF,0.0013600478
FFFEEKKF,0.0013200234
KFFEFEKF,0.0013160848
KFKEEFFF,0.0012852113
FFKEEKFF,0.0012674407
FFFEKKFE,0.0011288954
FFKFEEFK,0.0011035717
EFEKFFFK,0.0010995853
EEFFKKFF,0.0010300379
FFFEKFEK,0.0010198752
KFFEFFEK,0.0009907159
KFEEFKFF,0.00096714264
EFFEFKKF,0.00096578
EFFEKKFF,0.00096566894
FFKEKFFE,0.00096549746
KFFFEKEF,0.0009650478
FKEFKEFF,0.0009525657
FFEKEKFF,0.0009442816
FFEKFEFK,0.0009050559
FFEEKFFK,0.0008821329
FEFKEFKF,0.0008779609
EFKKFFFE,0.0008668938
FFEFKKEF,0.00084686663
KEFFEFFK,0.0008425232
FEKEFFFK,0.00082659815
KFFEKEFF,0.0008201722
EFEFKKFF,0.0008145462
FKFFKEEF,0.0007602229
EFFKEKFF,0.0007400404
KFEEFFKF,0.00071456144
EFFEFFKK,0.0007136357
FFEEFFKK,0.00070141937
FKEKFFEF,0.0006962634
KFEFFKEF,0.0006862833
FEKFFEKF,0.0006807606
KFEKFFEF,0.0006657295
FKKEFFEF,0.00064370915
FFFKFEKE,0.00064080907
FKEEFFKF,0.0006398481
FEEFFKFK,0.0006388156
FFKEEFFK,0.00062870944
FKFFEEKF,0.0006201073
FKEEFKFF,0.0006046971
FKKFEEFF,0.00060370984
FEEKFKFF,0.0005998185
KFEKEFFF,0.0005903111
KEFFEKFF,0.0005849293
KFEEFFFK,0.0005818409
FFKKEFEF,0.0005725479
FFFEKEFK,0.0005667514
FFKKEFFE,0.0005615869
FKFEEFFK,0.0005607655
FFFEFKKE,0.000552148
KFFEKFEF,0.0005444703
FEEKFFKF,0.00053005305
EFFKEFKF,0.00051982084
EFKEFFKF,0.000513792
FEKEFKFF,0.00047876398
FFFEKFKE,0.00047775038
FFEKFKFE,0.00047774948
FFKEFFEK,0.0004565396
FKFEKFFE,0.00043171877
FKFFEEFK,0.00042961034
FEKKFFEF,0.00042561366
FFEKKFEF,0.0004196159
FKFKEEFF,0.00041261571
KFFEEFKF,0.0004027957
FFFKEEFK,0.00039381447
EFFKKFEF,0.00038342475
FFFEFKEK,0.00038225012
FEFFKKFE,0.00037997932
FFEFKEKF,0.00033616452
FEFEFFKK,0.0003274416
FEFKKEFF,0.0003001396
FKFKEFFE,0.0002940824
FEKEFFKF,0.0002709559
FFEKEFFK,0.00026986373
FFFKEFEK,0.0002688754
EFEFFKKF,0.00026226058
KFKEFFEF,0.00024413937
FFEEFKFK,0.00023980676
EFFKEFFK,0.00023871455
FFKEKFEF,0.00022798873
FEFFKEFK,0.00022204462
FFKEFEKF,0.0002080437
EFEKFFKF,0.00020384269
EFFEKFFK,0.00019616378
FEFEKFKF,0.00019375759
FFEFEKFK,0.00019197266
FKKFFEEF,0.0001900861
FKEFEKFF,0.00018913866
FEFFKEKF,0.00017806607
FFKEEFKF,0.00017519217
FFEEKFKF,0.00014250903
KFEFEKFF,0.00014164291
FKFEKEFF,0.00014115644
FFEFEKKF,0.00012602872
EFFEKFKF,0.00012259648
FEKFFKEF,9.4162395e-05
FEFFKKEF,8.979455e-05
FEFKEFFK,8.835258e-05
FEFFEKFK,8.797288e-05
FEFFEKKF,8.7689914e-05
FKEFFEKF,8.462213e-05
EFKKFFEF,8.096117e-05
FEKFKEFF,7.5903496e-05
FEFKKFFE,7.362897e-05
FFEEFKKF,7.217991e-05
FEFEKFFK,6.5843335e-05
FFFEFEKK,5.9138012e-05
FEEFFKKF,5.6096953e-05
FEFEKKFF,5.330808e-05
FFEKFKEF,5.2461855e-05
FFEKEFKF,5.144276e-05
FEEFKKFF,3.219954e-05
