,sequence,fibril_probability_model_2
0,FFFFKEKE,0.00020115601
1,FFFFKEEK,0.0002956362
2,FFFFEKKE,9.2294846e-05
3,FFFKFEKE,0.00037946634
4,FFFKKFEE,0.0010079925
5,FFFKKEFE,0.003448155
6,FFFKEFEK,0.0004332117
7,FFFKEKEF,0.012394375
8,FFFKEEFK,0.0008265939
9,FFFKEEKF,0.0087121995
10,FFFEFKKE,0.00024288293
11,FFFEFKEK,0.00040217536
12,FFFEFEKK,6.298499e-05
13,FFFEKFKE,0.00089266023
14,FFFEKFEK,0.0023767848
15,FFFEKKFE,0.0021622672
16,FFFEKKEF,0.0056254533
17,FFFEKEFK,0.0010029332
18,FFFEKEKF,0.0037932757
19,FFFEEKKF,0.0036476175
20,FFKFFEKE,0.00413128
21,FFKFFEEK,0.0060793
22,FFKFKFEE,0.89200795
23,FFKFKEFE,0.004086154
24,FFKFEFEK,0.042951494
25,FFKFEKFE,0.04047753
26,FFKFEEFK,0.0017288901
27,FFKFEEKF,0.004041458
28,FFKKEFFE,0.00085568294
29,FFKKEFEF,0.0012864114
30,FFKKEEFF,0.009194568
31,FFKEFFKE,0.010610511
32,FFKEFFEK,0.00047917844
33,FFKEFKFE,0.0016974517
34,FFKEFEFK,0.0021328134
35,FFKEFEKF,0.00018915153
36,FFKEKFFE,0.0017050187
37,FFKEKFEF,0.0004944326
38,FFKEEFFK,0.0006236727
39,FFKEEFKF,0.00043533108
40,FFKEEKFF,0.0023794568
41,FFEFFKKE,0.0018127926
42,FFEFFKEK,0.0022242544
43,FFEFKFKE,0.046704482
44,FFEFKKFE,0.0017557908
45,FFEFKKEF,0.00094037654
46,FFEFKEFK,0.0017108481
47,FFEFKEKF,0.000644316
48,FFEFEFKK,0.011587904
49,FFEFEKFK,0.00037872637
50,FFEFEKKF,0.0003371765
51,FFEKFFKE,0.0027003353
52,FFEKFFEK,0.009362562
53,FFEKFKFE,0.00080894504
54,FFEKFKEF,6.1013507e-05
55,FFEKFEFK,0.0014969427
56,FFEKKFFE,0.0029633248
57,FFEKKFEF,0.0014922546
58,FFEKKEFF,0.004134512
59,FFEKEFFK,0.0003681572
60,FFEKEFKF,0.00015231046
61,FFEKEKFF,0.0023176076
62,FFEEFFKK,0.0006420904
63,FFEEFKFK,0.0002651494
64,FFEEFKKF,5.797578e-05
65,FFEEKFFK,0.0015746941
66,FFEEKFKF,0.000410903
67,FFEEKKFF,0.0042602313
68,FKFFFEKE,0.0055594356
69,FKFFKFEE,0.8574477
70,FKFFKEFE,0.0015798145
71,FKFFKEEF,0.0009040435
72,FKFFEFKE,0.6675348
73,FKFFEFEK,0.011958507
74,FKFFEKFE,0.0014602059
75,FKFFEEFK,0.00027006867
76,FKFFEEKF,0.0012177309
77,FKFKFEEF,0.04596715
78,FKFKEFFE,0.00011600682
79,FKFKEFEF,0.0067536556
80,FKFKEEFF,0.0006595131
81,FKFEFFEK,0.0028556555
82,FKFEFKEF,0.06834592
83,FKFEFEFK,0.23401557
84,FKFEFEKF,0.0037256072
85,FKFEKFFE,0.0004086413
86,FKFEKFEF,0.18567453
87,FKFEKEFF,0.00029539474
88,FKFEEFFK,0.0002734874
89,FKKFFEEF,0.00012772335
90,FKKFEFFE,0.09164399
91,FKKFEFEF,0.9607525
92,FKKFEEFF,0.0006480415
93,FKKEFFFE,0.0057706493
94,FKKEFFEF,0.0008953486
95,FKKEEFFF,0.0043906164
96,FKEFFFKE,0.5544279
97,FKEFFFEK,0.36382884
98,FKEFFKFE,0.0023273716
99,FKEFFKEF,0.0014676984
100,FKEFFEFK,0.0017027516
101,FKEFFEKF,5.252354e-05
102,FKEFKFFE,0.098967694
103,FKEFKFEF,0.86843663
104,FKEFKEFF,0.0007917095
105,FKEFEFFK,0.0024443937
106,FKEFEFKF,0.13123985
107,FKEFEKFF,0.00015786919
108,FKEKFFFE,0.016026298
109,FKEKFFEF,0.0013565186
110,FKEKFEFF,0.003254381
111,FKEKEFFF,0.008888822
112,FKEEFFFK,0.0030349311
113,FKEEFFKF,0.001076089
114,FKEEFKFF,0.0010480788
115,FKEEKFFF,0.017351354
116,FEFFFKKE,0.002620465
117,FEFFFKEK,0.0037277108
118,FEFFFEKK,0.0016420684
119,FEFFKFKE,0.012206765
120,FEFFKFEK,0.024491923
121,FEFFKKFE,0.00021674254
122,FEFFKKEF,6.15694e-05
123,FEFFKEFK,0.0001166731
124,FEFFKEKF,0.00018649746
125,FEFFEFKK,0.002608662
126,FEFFEKFK,5.476181e-05
127,FEFFEKKF,0.00012773773
128,FEFKFFEK,0.001974446
129,FEFKFKEF,0.0015160238
130,FEFKFEFK,0.09510063
131,FEFKFEKF,0.157786
132,FEFKKFFE,2.9712162e-05
133,FEFKKFEF,0.003030534
134,FEFKKEFF,0.00032175757
135,FEFKEFFK,2.601614e-05
136,FEFKEFKF,0.0011606342
137,FEFEFFKK,0.00063558336
138,FEFEFKFK,0.004656982
139,FEFEFKKF,0.0028994305
140,FEFEKFFK,3.4044584e-05
141,FEFEKFKF,0.0003122188
142,FEFEKKFF,8.741718e-05
143,FEKFFFKE,0.2683324
144,FEKFFFEK,0.13995832
145,FEKFFKFE,0.047015104
146,FEKFFKEF,6.626956e-05
147,FEKFFEFK,0.0018861784
148,FEKFFEKF,0.0007818
149,FEKFKFFE,0.0033706548
150,FEKFKFEF,0.018012747
151,FEKFKEFF,4.6600482e-05
152,FEKFEFFK,0.0028118026
153,FEKFEFKF,0.22204816
154,FEKFEKFF,0.0020589768
155,FEKKFFFE,0.060312197
156,FEKKFFEF,0.00071642763
157,FEKKFEFF,0.016513024
158,FEKEFFFK,0.0013957882
159,FEKEFFKF,0.0004785987
160,FEKEFKFF,0.00076108036
161,FEKEKFFF,0.009788802
162,FEEFFFKK,0.012175784
163,FEEFFKFK,0.00052127615
164,FEEFFKKF,3.8862192e-05
165,FEEFKFFK,0.00078977423
166,FEEFKFKF,0.0011568448
167,FEEFKKFF,1.4193232e-05
168,FEEKFFFK,0.0156941
169,FEEKFFKF,0.0014420755
170,FEEKFKFF,0.0012306976
171,FEEKKFFF,0.18256392
172,KFFFKEFE,0.008957118
173,KFFFEFKE,0.7688692
174,KFFFEFEK,0.024419107
175,KFFFEKFE,0.0039658365
176,KFFFEKEF,0.0016561633
177,KFFFEEFK,0.0018970429
178,KFFFEEKF,0.008838788
179,KFFKFFEE,0.011709233
180,KFFKFEFE,0.9955147
181,KFFKFEEF,0.055336446
182,KFFKEFEF,0.0011239691
183,KFFKEEFF,0.0023475818
184,KFFEFFEK,0.0008838257
185,KFFEFKFE,0.9822236
186,KFFEFKEF,0.0037139552
187,KFFEFEFK,0.82847273
188,KFFEFEKF,0.0024834967
189,KFFEKFEF,0.0005425166
190,KFFEKEFF,0.0012525963
191,KFFEEFKF,0.00025531978
192,KFFEEKFF,0.0029313844
193,KFKFFFEE,0.9639393
194,KFKFFEEF,0.00188612
195,KFKFEFFE,0.98558784
196,KFKFEFEF,0.99804425
197,KFKFEEFF,0.0030429736
198,KFKEFFFE,0.0021947601
199,KFKEFFEF,0.00017510344
200,KFKEFEFF,0.009363463
201,KFKEEFFF,0.0021686153
202,KFEFFFKE,0.06602715
203,KFEFFFEK,0.23299856
204,KFEFFKFE,0.9878463
205,KFEFFKEF,0.000877429
206,KFEFFEFK,0.80733585
207,KFEFFEKF,0.0035940944
208,KFEFKFFE,0.3828251
209,KFEFKEFF,0.0007778607
210,KFEFEFFK,0.06087086
211,KFEFEFKF,0.99041116
212,KFEFEKFF,0.00018652824
213,KFEKFFFE,0.0056584002
214,KFEKFFEF,0.0015405451
215,KFEKFEFF,0.97930086
216,KFEKEFFF,0.001392711
217,KFEEFFFK,0.00053883647
218,KFEEFFKF,0.0009437514
219,KFEEFKFF,0.00228162
220,KFEEKFFF,0.0065495577
221,KKFFFEFE,0.9915812
222,KKFFFEEF,0.48856342
223,KKFFEFFE,0.023210632
224,KKFFEFEF,0.9935783
225,KKFFEEFF,0.0040199743
226,KKFEFFFE,0.74758804
227,KKFEFFEF,0.63020706
228,KKFEFEFF,0.8556868
229,KKEFFFFE,0.96518654
230,KKEFFFEF,0.93565726
231,KKEFFEFF,0.041446596
232,KKEFEFFF,0.79280126
233,KEFFFFEK,0.9797013
234,KEFFFKFE,0.7028932
235,KEFFFKEF,0.38167027
236,KEFFFEFK,0.9231761
237,KEFFFEKF,0.085561015
238,KEFFKFFE,0.0024206638
239,KEFFKFEF,0.9000987
240,KEFFKEFF,0.007367325
241,KEFFEFFK,0.00034188724
242,KEFFEFKF,0.45589846
243,KEFFEKFF,0.00063379953
244,KEFKFFFE,0.45832896
245,KEFKFFEF,0.48316008
246,KEFKFEFF,0.96457374
247,KEFEFFFK,0.010589297
248,KEFEFFKF,0.03817057
249,KEFEFKFF,0.5437359
250,KEKFFFFE,0.9891927
251,KEKFFFEF,0.9800164
252,KEKFFEFF,0.38556552
253,KEKFEFFF,0.9798949
254,KEKEFFFF,0.8490104
255,KEEFFFFK,0.98030657
256,KEEFFFKF,0.59441286
257,KEEFFKFF,0.07026707
258,KEEFKFFF,0.9715521
259,EFFFFKKE,0.0039370917
260,EFFFFKEK,0.0061389212
261,EFFFFEKK,0.0033186497
262,EFFFKFKE,0.56226134
263,EFFFKFEK,0.4510485
264,EFFFKKFE,0.005239177
265,EFFFKKEF,0.010466675
266,EFFFKEFK,0.0038422337
267,EFFFKEKF,0.009462923
268,EFFFEFKK,0.04035854
269,EFFFEKFK,0.0025192173
270,EFFFEKKF,0.005868515
271,EFFKFFKE,0.0018592073
272,EFFKFFEK,0.0025987
273,EFFKFKFE,0.9803839
274,EFFKFKEF,0.00262519
275,EFFKFEKF,0.1327748
276,EFFKKFEF,0.00047107378
277,EFFKKEFF,0.002142086
278,EFFKEFFK,6.1753104e-05
279,EFFKEFKF,0.00026811552
280,EFFKEKFF,0.00082405173
281,EFFEFFKK,0.00061771093
282,EFFEFKFK,0.66128397
283,EFFEFKKF,0.0013773922
284,EFFEKFFK,0.00012768466
285,EFFEKFKF,9.195776e-05
286,EFFEKKFF,0.0015664018
287,EFKFFFKE,0.9587562
288,EFKFFFEK,0.512159
289,EFKFFKFE,0.996333
290,EFKFFKEF,0.0093721505
291,EFKFFEFK,0.98986274
292,EFKFFEKF,0.0020628052
293,EFKFKFFE,0.4707729
294,EFKFKEFF,0.0013990565
295,EFKFEFFK,0.8923463
296,EFKFEFKF,0.998539
297,EFKFEKFF,0.0017011726
298,EFKKFFFE,0.00081989774
299,EFKKFFEF,5.0733805e-05
300,EFKKFEFF,0.117968336
301,EFKKEFFF,0.0029386408
302,EFKEFFFK,0.00044032666
303,EFKEFFKF,0.00030918262
304,EFKEFKFF,0.19700745
305,EFEFFFKK,0.075762436
306,EFEFFKFK,0.80602914
307,EFEFFKKF,0.00032000896
308,EFEFKFFK,0.71429867
309,EFEFKFKF,0.99490017
310,EFEFKKFF,0.0005675796
311,EFEKFFFK,0.0008842132
312,EFEKFFKF,0.00029059467
313,EFEKKFFF,0.0032796161
314,EKFFFKEF,0.6196539
315,EKFFFEKF,0.95200306
316,EKFFKFFE,0.47299612
317,EKFFKFEF,0.9977437
318,EKFFKEFF,0.0062835366
319,EKFFEFFK,0.002430284
320,EKFFEFKF,0.95679307
321,EKFFEKFF,0.286696
322,EKFKFFFE,0.9300982
323,EKFKFFEF,0.8379364
324,EKFKFEFF,0.9547383
325,EKFKEFFF,0.0070434464
326,EKFEFFFK,0.83643043
327,EKFEFKFF,0.8297129
328,EKFEKFFF,0.22978674
329,EKKFFEFF,0.90605897
330,EKKFEFFF,0.98667556
331,EKKEFFFF,0.7869114
332,EKEFFFFK,0.9945958
333,EKEFFFKF,0.8373356
334,EKEFFKFF,0.5383158
335,EKEFKFFF,0.98929095
336,EKEKFFFF,0.9904684
337,EEFFFFKK,0.97796637
338,EEFFFKFK,0.8330376
339,EEFFFKKF,0.5031443
340,EEFFKFFK,0.001757873
341,EEFFKFKF,0.5267082
342,EEFFKKFF,0.0009753965
343,EEFKFFFK,0.6630356
344,EEFKFFKF,0.93621504
345,EEFKFKFF,0.49538797
346,EEKFFKFF,0.98509705
347,EEKFKFFF,0.98900527
